path,role,sha256,source_locator,vault_path,status
knowledge/source/10-MATRIZ-CENA-DOR-PROMESSA-CTA.csv,reference_only,15456ccd68cba270ff405ace640a3cf6b899ecbbfdcd1db104b4ae25c4bc54e4,central:09_DCCEO_AGENTES/knowledge/conteudo-dai/10-MATRIZ-CENA-DOR-PROMESSA-CTA.csv,knowledge/conteudo-dai/reference-only/2026-08-07/10-MATRIZ-CENA-DOR-PROMESSA-CTA.csv,prepared_in_vault_not_configured_externally
knowledge/source/00-INDICE-CONTEUDO-DAI.md,source,c6ea4fe713dc39be10e29d6bdc7db7ef376af0d7d1c662b1adfe9c772bc6ca3f,central:09_DCCEO_AGENTES/knowledge/conteudo-dai/00-INDICE-CONTEUDO-DAI.md,knowledge/conteudo-dai/source/2026-08-07/00-INDICE-CONTEUDO-DAI.md,prepared_in_vault_not_configured_externally
knowledge/source/01-REGRAS-DE-USO-E-LIMITES.md,source,778a96e79b40cd2a47ef5c7072a0ec34a0923b6c6c9ec8ad31ee3485d1b08c0f,central:09_DCCEO_AGENTES/knowledge/conteudo-dai/01-REGRAS-DE-USO-E-LIMITES.md,knowledge/conteudo-dai/source/2026-08-07/01-REGRAS-DE-USO-E-LIMITES.md,prepared_in_vault_not_configured_externally
knowledge/source/02-ESCOPO-E-ROTEAMENTO.md,source,51519021e1b3a9d7cb35d34a8bffad1f72e92f3bb63d75d5e5180c5b44898eec,central:09_DCCEO_AGENTES/knowledge/conteudo-dai/02-ESCOPO-E-ROTEAMENTO.md,knowledge/conteudo-dai/source/2026-08-07/02-ESCOPO-E-ROTEAMENTO.md,prepared_in_vault_not_configured_externally
knowledge/source/03-FONTES-CANONICAS.md,source,0509079194c0cc903e8d8484366e282737ed1706e27c29a4e0c575a87f3705e6,central:09_DCCEO_AGENTES/knowledge/conteudo-dai/03-FONTES-CANONICAS.md,knowledge/conteudo-dai/source/2026-08-07/03-FONTES-CANONICAS.md,prepared_in_vault_not_configured_externally
knowledge/source/04-SKILLS-E-CENARIOS-DE-USO.md,source,d1215ec328aada70b4b062a02f0b29841da55e3d8c46244d3441bfdb11f57b8c,central:09_DCCEO_AGENTES/knowledge/conteudo-dai/04-SKILLS-E-CENARIOS-DE-USO.md,knowledge/conteudo-dai/source/2026-08-07/04-SKILLS-E-CENARIOS-DE-USO.md,prepared_in_vault_not_configured_externally
knowledge/source/05-PERGUNTAS-TESTE-E-RESPOSTAS-ESPERADAS.md,source,2bf7ad547c167f26a42341edf5cb7e4289baa8fbbdd7e7ad017cc09168aca391,central:09_DCCEO_AGENTES/knowledge/conteudo-dai/05-PERGUNTAS-TESTE-E-RESPOSTAS-ESPERADAS.md,knowledge/conteudo-dai/source/2026-08-07/05-PERGUNTAS-TESTE-E-RESPOSTAS-ESPERADAS.md,prepared_in_vault_not_configured_externally
knowledge/source/06-GUARDRAILS-E-CLAIMS-BLOQUEADOS.md,source,01ac88d4847ec0313529efc18d7227ebc10cb51dfd48c3bf9a80baefcc0e14ce,central:09_DCCEO_AGENTES/knowledge/conteudo-dai/06-GUARDRAILS-E-CLAIMS-BLOQUEADOS.md,knowledge/conteudo-dai/source/2026-08-07/06-GUARDRAILS-E-CLAIMS-BLOQUEADOS.md,prepared_in_vault_not_configured_externally
knowledge/source/07-MODELOS-DE-RESPOSTA-E-CHECKLISTS.md,source,225e66b4b802b510251441796201c26d0131cf9b9498062c918727148d7ae22c,central:09_DCCEO_AGENTES/knowledge/conteudo-dai/07-MODELOS-DE-RESPOSTA-E-CHECKLISTS.md,knowledge/conteudo-dai/source/2026-08-07/07-MODELOS-DE-RESPOSTA-E-CHECKLISTS.md,prepared_in_vault_not_configured_externally
knowledge/source/08-LACUNAS-E-ROADMAP.md,source,5e9e18eb0e4fcf97cd4781bd4acaf41cde5bde4ac776b4da0503ca2297ae5072,central:09_DCCEO_AGENTES/knowledge/conteudo-dai/08-LACUNAS-E-ROADMAP.md,knowledge/conteudo-dai/source/2026-08-07/08-LACUNAS-E-ROADMAP.md,prepared_in_vault_not_configured_externally
knowledge/source/09-BANCO-DE-ANGULOS-E-ROTEIROS.md,source,aaef4c463988e7f9be08b1cc8b66429dd56a6772a28322f2538917dbbefb09af,central:09_DCCEO_AGENTES/knowledge/conteudo-dai/09-BANCO-DE-ANGULOS-E-ROTEIROS.md,knowledge/conteudo-dai/source/2026-08-07/09-BANCO-DE-ANGULOS-E-ROTEIROS.md,prepared_in_vault_not_configured_externally
knowledge/source/99-FONTES-LACUNAS-E-CONTROLE-DE-VERSAO.md,source,025e1be8eb58d2356a0c512fd2797e586b1824ba433e47894a3c976881e78c3c,central:09_DCCEO_AGENTES/knowledge/conteudo-dai/99-FONTES-LACUNAS-E-CONTROLE-DE-VERSAO.md,knowledge/conteudo-dai/source/2026-08-07/99-FONTES-LACUNAS-E-CONTROLE-DE-VERSAO.md,prepared_in_vault_not_configured_externally
knowledge/upload/00-INDICE-CONTEUDO-DAI.md,upload_active,c6ea4fe713dc39be10e29d6bdc7db7ef376af0d7d1c662b1adfe9c772bc6ca3f,central:09_DCCEO_AGENTES/knowledge/conteudo-dai/00-INDICE-CONTEUDO-DAI.md,knowledge/conteudo-dai/upload-active/2026-08-07/00-INDICE-CONTEUDO-DAI.md,prepared_in_vault_not_configured_externally
knowledge/upload/01-REGRAS-DE-USO-E-LIMITES.md,upload_active,778a96e79b40cd2a47ef5c7072a0ec34a0923b6c6c9ec8ad31ee3485d1b08c0f,central:09_DCCEO_AGENTES/knowledge/conteudo-dai/01-REGRAS-DE-USO-E-LIMITES.md,knowledge/conteudo-dai/upload-active/2026-08-07/01-REGRAS-DE-USO-E-LIMITES.md,prepared_in_vault_not_configured_externally
knowledge/upload/02-ESCOPO-E-ROTEAMENTO.md,upload_active,51519021e1b3a9d7cb35d34a8bffad1f72e92f3bb63d75d5e5180c5b44898eec,central:09_DCCEO_AGENTES/knowledge/conteudo-dai/02-ESCOPO-E-ROTEAMENTO.md,knowledge/conteudo-dai/upload-active/2026-08-07/02-ESCOPO-E-ROTEAMENTO.md,prepared_in_vault_not_configured_externally
knowledge/upload/03-FONTES-CANONICAS.md,upload_active,0509079194c0cc903e8d8484366e282737ed1706e27c29a4e0c575a87f3705e6,central:09_DCCEO_AGENTES/knowledge/conteudo-dai/03-FONTES-CANONICAS.md,knowledge/conteudo-dai/upload-active/2026-08-07/03-FONTES-CANONICAS.md,prepared_in_vault_not_configured_externally
knowledge/upload/04-SKILLS-E-CENARIOS-DE-USO.md,upload_active,d1215ec328aada70b4b062a02f0b29841da55e3d8c46244d3441bfdb11f57b8c,central:09_DCCEO_AGENTES/knowledge/conteudo-dai/04-SKILLS-E-CENARIOS-DE-USO.md,knowledge/conteudo-dai/upload-active/2026-08-07/04-SKILLS-E-CENARIOS-DE-USO.md,prepared_in_vault_not_configured_externally
knowledge/upload/05-PERGUNTAS-TESTE-E-RESPOSTAS-ESPERADAS.md,upload_active,2bf7ad547c167f26a42341edf5cb7e4289baa8fbbdd7e7ad017cc09168aca391,central:09_DCCEO_AGENTES/knowledge/conteudo-dai/05-PERGUNTAS-TESTE-E-RESPOSTAS-ESPERADAS.md,knowledge/conteudo-dai/upload-active/2026-08-07/05-PERGUNTAS-TESTE-E-RESPOSTAS-ESPERADAS.md,prepared_in_vault_not_configured_externally
knowledge/upload/06-GUARDRAILS-E-CLAIMS-BLOQUEADOS.md,upload_active,01ac88d4847ec0313529efc18d7227ebc10cb51dfd48c3bf9a80baefcc0e14ce,central:09_DCCEO_AGENTES/knowledge/conteudo-dai/06-GUARDRAILS-E-CLAIMS-BLOQUEADOS.md,knowledge/conteudo-dai/upload-active/2026-08-07/06-GUARDRAILS-E-CLAIMS-BLOQUEADOS.md,prepared_in_vault_not_configured_externally
knowledge/upload/07-MODELOS-DE-RESPOSTA-E-CHECKLISTS.md,upload_active,225e66b4b802b510251441796201c26d0131cf9b9498062c918727148d7ae22c,central:09_DCCEO_AGENTES/knowledge/conteudo-dai/07-MODELOS-DE-RESPOSTA-E-CHECKLISTS.md,knowledge/conteudo-dai/upload-active/2026-08-07/07-MODELOS-DE-RESPOSTA-E-CHECKLISTS.md,prepared_in_vault_not_configured_externally
knowledge/upload/08-LACUNAS-E-ROADMAP.md,upload_active,5e9e18eb0e4fcf97cd4781bd4acaf41cde5bde4ac776b4da0503ca2297ae5072,central:09_DCCEO_AGENTES/knowledge/conteudo-dai/08-LACUNAS-E-ROADMAP.md,knowledge/conteudo-dai/upload-active/2026-08-07/08-LACUNAS-E-ROADMAP.md,prepared_in_vault_not_configured_externally
knowledge/upload/09-BANCO-DE-ANGULOS-E-ROTEIROS.md,upload_active,aaef4c463988e7f9be08b1cc8b66429dd56a6772a28322f2538917dbbefb09af,central:09_DCCEO_AGENTES/knowledge/conteudo-dai/09-BANCO-DE-ANGULOS-E-ROTEIROS.md,knowledge/conteudo-dai/upload-active/2026-08-07/09-BANCO-DE-ANGULOS-E-ROTEIROS.md,prepared_in_vault_not_configured_externally
knowledge/upload/99-FONTES-LACUNAS-E-CONTROLE-DE-VERSAO.md,upload_active,025e1be8eb58d2356a0c512fd2797e586b1824ba433e47894a3c976881e78c3c,central:09_DCCEO_AGENTES/knowledge/conteudo-dai/99-FONTES-LACUNAS-E-CONTROLE-DE-VERSAO.md,knowledge/conteudo-dai/upload-active/2026-08-07/99-FONTES-LACUNAS-E-CONTROLE-DE-VERSAO.md,prepared_in_vault_not_configured_externally
