id,angulo,cena_real,dor,hook,cena_anuncio,promessa_segura,cta,claim_proibido
ANG-001,A dona virou o teto da operacao,contadora com 40/50 clientes ainda decide tudo no WhatsApp,crescer sem processo transforma cada cliente novo em retrabalho,"Depois de 50 clientes, cada novo onboarding no improviso vira vazamento de margem","Mostrar a dona alternando WhatsApp, Dominio, Notion e equipe","No DCCEO, voce aprende a enxergar a esteira do escritorio e onde a IA entra com processo",Ver a rota do Desafio,nao prometer menos horas ou substituicao
ANG-002,Onboarding nao e boas-vindas,"cliente novo chega sem acesso, certificado, historico e ERP","entrada torta contamina fiscal, DP e contabil",Cliente novo nao entra no escritorio. Ele entra numa linha de producao,Checklist de documentos e acessos da Aurora Mix,"IA ajuda a mapear lacunas e handoffs, com revisao humana",Entrar no Desafio,nao prometer abrir empresa sozinho
ANG-003,"Dominio ajuda, mas nao resolve a operacao",sistema bom com cadastro ruim continua ruim,parametrizacao errada vira erro em cadeia,O problema nao e o sistema. E o dado que entra nele,Tela/simulacao de cadastro Dominio + pendencias no Notion,Processo protege a ferramenta e orienta a equipe,Aprender a montar a esteira,nao atacar software
ANG-004,DCTFWeb sem evidencia,"funcionario diz que enviou, cliente nao recebeu","sem prova, prazo vira risco",'Eu enviei' nao e processo. Processo e prova,Cena de guia/recibo/status sem evidencia,IA pode organizar checklist de envio e comprovantes,Ver o metodo,nao prometer evitar toda multa
ANG-005,"Cliente pergunta caixa, nao PGDAS",empresario quer saber quanto reservar se parar de vender,contador responde sem dados ou no improviso,O cliente nao pergunta PGDAS. Ele pergunta quanto precisa deixar no caixa,WhatsApp do cliente perguntando imposto do mes,IA ajuda a montar pre-conferencia com dados e limites,Participar do Desafio,nao prometer calculo final
ANG-006,CFOP/NCM como detalhe que vira risco,nota emitida com classificacao duvidosa,erro fiscal nasce antes da apuracao,Uma nota errada pode parecer pequena ate virar rotina mensal,Cliente emitindo nota no ERP sem saber CFOP/NCM,Processo ajuda a pedir dados certos e acionar Fiscal/Reforma,Aprender a orientar a equipe,nao prometer classificacao definitiva
ANG-007,Portal Nacional vs prefeitura,NFS-e depende do municipio e acesso,onboarding sem mapa de emissao trava nota,"Antes de prometer velocidade, descubra por onde a nota sai",Mapa prefeitura/Portal Nacional/ERP,IA ajuda no checklist de emissao e acessos,Ver a aula,nao prometer emissao automatica
ANG-008,CCT antes da folha,folha nao comeca no salario,"CCT, jornada, beneficios e sindicato mudam o risco",Folha nao comeca no salario. Comeca na CCT,DP pedindo CCT/ACT antes da folha,"IA ajuda a listar dados faltantes, nao calcula folha final",Entrar no DCCEO,nao prometer calculo trabalhista final
ANG-009,Notion como torre de controle,"tarefas existem, mas ninguem sabe status/evidencia",gestao ruim devolve tudo para a dona,"Sem status e evidencia, a dona vira central de chamados",Quadro de pendencias por responsavel,IA ajuda a gerar relatorio e cobrar lacunas,Aprender o modelo,nao prometer automacao total
ANG-010,Reforma aumenta a pressao,"DFe, XML, ERP, creditos e split exigem base organizada",reforma sem processo vira resposta sem fonte,A Reforma nao perdoa escritorio que nao sabe onde esta o dado,Aurora Mix emitindo NF-e/NFS-e e ERP,"IA ajuda a diagnosticar lacunas, com fonte e revisao",Assistir ao Desafio,nao prometer economia ou regime
ANG-011,Equipe sem processo parece falta de gente,"dona acha que precisa contratar, mas o fluxo esta quebrado",mais gente sem processo aumenta o caos,"Antes de contratar mais uma pessoa, veja se sua esteira existe",Equipe perguntando tudo para a dona,IA com processo ajuda treinamento e padronizacao,Ver a rota CEO,nao prometer substituir funcionario
ANG-012,Contabil sofre o erro dos outros,fiscal/DP chegam incompletos no fechamento,balancete atrasado pode ter nascido no onboarding,O fechamento contábil começa muito antes do balancete,Linha do tempo Aurora Mix dos departamentos,IA ajuda a mostrar lacunas entre areas,Participar,nao prometer fechamento automatico
ANG-013,Promessa comercial vira risco operacional,venda escopo desalinhado,contrato/proposta nao conversa com entrega,"A promessa nasce no comercial, mas quem paga e a operacao",Proposta x checklist de entrega,IA ajuda a revisar promessa segura,Entrar no Desafio,nao prometer conversao
ANG-014,Cliente pequeno tambem gera portal,"MEI/Simples parece simples mas tem PGFN, SIMEI, prefeitura",subestimar rotina pequena gera erro,Cliente pequeno nao significa processo pequeno,Parcelamento MEI/Simples e portal,IA ajuda a achar roteiro e pendencias,Ver como mapear,nao prometer regularizacao
ANG-015,IA sem processo responde mais rapido dentro do caos,usar IA para apagar incendio,velocidade sem esteira aumenta risco,IA nao conserta escritorio baguncado. Ela acelera o que existe,Antes/depois: prompt solto vs agente por departamento,DCCEO mostra onde IA entra com limite,Entrar no desafio,nao vender IA magica
ANG-016,GPS dos agentes,aluna nao sabe qual agente usar,agente errado gera resposta fora de escopo,A primeira IA que seu escritorio precisa talvez seja a que diz para onde ir,Concierge roteando Fiscal/DP/Onboarding,"Concierge direciona, especialista responde",Testar o GPS,nao prometer agente unico universal
ANG-017,Acesso e certificado sao gargalos invisiveis,contador sabe o que fazer mas nao consegue entrar no portal,sem acesso nao tem entrega,O gargalo nao aparece na guia. Aparece no login,e-CAC/prefeitura/certificado/procuracao,Onboarding organiza acessos e poderes,Aprender checklist,nao prometer resolver acesso sem cliente
ANG-018,Evidencia vale mais que memoria,tarefas ficam em conversas soltas,"sem evidencia, gestao vira ansiedade",O que nao tem evidencia volta para o colo da dona,Notion/Baserow/planilha com recibos,IA ajuda a cobrar comprovante e status,Ver modelo de gestao,nao prometer compliance total
ANG-019,"Depois de 40 clientes, indicacao nao basta",crescer por indicacao sem processo,captacao aumenta caos se operacao nao suporta,Captar mais cliente sem esteira e comprar mais problema,comercial gerando lead e onboarding travando,DCCEO liga captacao com entrega,Participar,nao prometer cliente garantido
ANG-020,Contadora CEO nao faz tudo,identidade da dona operadora,"crescimento exige comando, processo e equipe",Contadora CEO nao e quem faz tudo. E quem cria o sistema para a equipe operar,Dona saindo do operacional para a gestao,"IA entra como alavanca, nao substituta",Entrar no DCCEO,nao prometer escala garantida
